ticker,source_universe,notes
A,starter_large_mid_cap,S&P500/Nasdaq100-style liquid large-mid cap seed list; refresh/maintain periodically
AAL,starter_large_mid_cap,S&P500/Nasdaq100-style liquid large-mid cap seed list; refresh/maintain periodically
AAPL,starter_large_mid_cap,S&P500/Nasdaq100-style liquid large-mid cap seed list; refresh/maintain periodically
ABBV,starter_large_mid_cap,S&P500/Nasdaq100-style liquid large-mid cap seed list; refresh/maintain periodically
ABT,starter_large_mid_cap,S&P500/Nasdaq100-style liquid large-mid cap seed list; refresh/maintain periodically
ACGL,starter_large_mid_cap,S&P500/Nasdaq100-style liquid large-mid cap seed list; refresh/maintain periodically
ACN,starter_large_mid_cap,S&P500/Nasdaq100-style liquid large-mid cap seed list; refresh/maintain periodically
ADBE,starter_large_mid_cap,S&P500/Nasdaq100-style liquid large-mid cap seed list; refresh/maintain periodically
ADI,starter_large_mid_cap,S&P500/Nasdaq100-style liquid large-mid cap seed list; refresh/maintain periodically
ADM,starter_large_mid_cap,S&P500/Nasdaq100-style liquid large-mid cap seed list; refresh/maintain periodically
ADP,starter_large_mid_cap,S&P500/Nasdaq100-style liquid large-mid cap seed list; refresh/maintain periodically
ADSK,starter_large_mid_cap,S&P500/Nasdaq100-style liquid large-mid cap seed list; refresh/maintain periodically
AEE,starter_large_mid_cap,S&P500/Nasdaq100-style liquid large-mid cap seed list; refresh/maintain periodically
AEP,starter_large_mid_cap,S&P500/Nasdaq100-style liquid large-mid cap seed list; refresh/maintain periodically
AES,starter_large_mid_cap,S&P500/Nasdaq100-style liquid large-mid cap seed list; refresh/maintain periodically
AFL,starter_large_mid_cap,S&P500/Nasdaq100-style liquid large-mid cap seed list; refresh/maintain periodically
AIG,starter_large_mid_cap,S&P500/Nasdaq100-style liquid large-mid cap seed list; refresh/maintain periodically
AIZ,starter_large_mid_cap,S&P500/Nasdaq100-style liquid large-mid cap seed list; refresh/maintain periodically
AJG,starter_large_mid_cap,S&P500/Nasdaq100-style liquid large-mid cap seed list; refresh/maintain periodically
AKAM,starter_large_mid_cap,S&P500/Nasdaq100-style liquid large-mid cap seed list; refresh/maintain periodically
ALB,starter_large_mid_cap,S&P500/Nasdaq100-style liquid large-mid cap seed list; refresh/maintain periodically
ALGN,starter_large_mid_cap,S&P500/Nasdaq100-style liquid large-mid cap seed list; refresh/maintain periodically
ALL,starter_large_mid_cap,S&P500/Nasdaq100-style liquid large-mid cap seed list; refresh/maintain periodically
ALLE,starter_large_mid_cap,S&P500/Nasdaq100-style liquid large-mid cap seed list; refresh/maintain periodically
ALNY,starter_large_mid_cap,S&P500/Nasdaq100-style liquid large-mid cap seed list; refresh/maintain periodically
AMAT,starter_large_mid_cap,S&P500/Nasdaq100-style liquid large-mid cap seed list; refresh/maintain periodically
AMD,starter_large_mid_cap,S&P500/Nasdaq100-style liquid large-mid cap seed list; refresh/maintain periodically
AME,starter_large_mid_cap,S&P500/Nasdaq100-style liquid large-mid cap seed list; refresh/maintain periodically
AMGN,starter_large_mid_cap,S&P500/Nasdaq100-style liquid large-mid cap seed list; refresh/maintain periodically
AMP,starter_large_mid_cap,S&P500/Nasdaq100-style liquid large-mid cap seed list; refresh/maintain periodically
AMT,starter_large_mid_cap,S&P500/Nasdaq100-style liquid large-mid cap seed list; refresh/maintain periodically
AMZN,starter_large_mid_cap,S&P500/Nasdaq100-style liquid large-mid cap seed list; refresh/maintain periodically
ANET,starter_large_mid_cap,S&P500/Nasdaq100-style liquid large-mid cap seed list; refresh/maintain periodically
ANSS,starter_large_mid_cap,S&P500/Nasdaq100-style liquid large-mid cap seed list; refresh/maintain periodically
AON,starter_large_mid_cap,S&P500/Nasdaq100-style liquid large-mid cap seed list; refresh/maintain periodically
AOS,starter_large_mid_cap,S&P500/Nasdaq100-style liquid large-mid cap seed list; refresh/maintain periodically
APA,starter_large_mid_cap,S&P500/Nasdaq100-style liquid large-mid cap seed list; refresh/maintain periodically
APD,starter_large_mid_cap,S&P500/Nasdaq100-style liquid large-mid cap seed list; refresh/maintain periodically
APH,starter_large_mid_cap,S&P500/Nasdaq100-style liquid large-mid cap seed list; refresh/maintain periodically
APO,starter_large_mid_cap,S&P500/Nasdaq100-style liquid large-mid cap seed list; refresh/maintain periodically
APP,starter_large_mid_cap,S&P500/Nasdaq100-style liquid large-mid cap seed list; refresh/maintain periodically
ARE,starter_large_mid_cap,S&P500/Nasdaq100-style liquid large-mid cap seed list; refresh/maintain periodically
ARES,starter_large_mid_cap,S&P500/Nasdaq100-style liquid large-mid cap seed list; refresh/maintain periodically
ARM,starter_large_mid_cap,S&P500/Nasdaq100-style liquid large-mid cap seed list; refresh/maintain periodically
ASML,starter_large_mid_cap,S&P500/Nasdaq100-style liquid large-mid cap seed list; refresh/maintain periodically
ATO,starter_large_mid_cap,S&P500/Nasdaq100-style liquid large-mid cap seed list; refresh/maintain periodically
AVB,starter_large_mid_cap,S&P500/Nasdaq100-style liquid large-mid cap seed list; refresh/maintain periodically
AVGO,starter_large_mid_cap,S&P500/Nasdaq100-style liquid large-mid cap seed list; refresh/maintain periodically
AVY,starter_large_mid_cap,S&P500/Nasdaq100-style liquid large-mid cap seed list; refresh/maintain periodically
AWK,starter_large_mid_cap,S&P500/Nasdaq100-style liquid large-mid cap seed list; refresh/maintain periodically
AXP,starter_large_mid_cap,S&P500/Nasdaq100-style liquid large-mid cap seed list; refresh/maintain periodically
AZO,starter_large_mid_cap,S&P500/Nasdaq100-style liquid large-mid cap seed list; refresh/maintain periodically
BAC,starter_large_mid_cap,S&P500/Nasdaq100-style liquid large-mid cap seed list; refresh/maintain periodically
BALL,starter_large_mid_cap,S&P500/Nasdaq100-style liquid large-mid cap seed list; refresh/maintain periodically
BBY,starter_large_mid_cap,S&P500/Nasdaq100-style liquid large-mid cap seed list; refresh/maintain periodically
BDX,starter_large_mid_cap,S&P500/Nasdaq100-style liquid large-mid cap seed list; refresh/maintain periodically
BEN,starter_large_mid_cap,S&P500/Nasdaq100-style liquid large-mid cap seed list; refresh/maintain periodically
BG,starter_large_mid_cap,S&P500/Nasdaq100-style liquid large-mid cap seed list; refresh/maintain periodically
BIDU,starter_large_mid_cap,S&P500/Nasdaq100-style liquid large-mid cap seed list; refresh/maintain periodically
BIIB,starter_large_mid_cap,S&P500/Nasdaq100-style liquid large-mid cap seed list; refresh/maintain periodically
BK,starter_large_mid_cap,S&P500/Nasdaq100-style liquid large-mid cap seed list; refresh/maintain periodically
BKNG,starter_large_mid_cap,S&P500/Nasdaq100-style liquid large-mid cap seed list; refresh/maintain periodically
BKR,starter_large_mid_cap,S&P500/Nasdaq100-style liquid large-mid cap seed list; refresh/maintain periodically
BLK,starter_large_mid_cap,S&P500/Nasdaq100-style liquid large-mid cap seed list; refresh/maintain periodically
BNTX,starter_large_mid_cap,S&P500/Nasdaq100-style liquid large-mid cap seed list; refresh/maintain periodically
BR,starter_large_mid_cap,S&P500/Nasdaq100-style liquid large-mid cap seed list; refresh/maintain periodically
BRK-B,starter_large_mid_cap,S&P500/Nasdaq100-style liquid large-mid cap seed list; refresh/maintain periodically
BRO,starter_large_mid_cap,S&P500/Nasdaq100-style liquid large-mid cap seed list; refresh/maintain periodically
BSX,starter_large_mid_cap,S&P500/Nasdaq100-style liquid large-mid cap seed list; refresh/maintain periodically
BWA,starter_large_mid_cap,S&P500/Nasdaq100-style liquid large-mid cap seed list; refresh/maintain periodically
BXP,starter_large_mid_cap,S&P500/Nasdaq100-style liquid large-mid cap seed list; refresh/maintain periodically
C,starter_large_mid_cap,S&P500/Nasdaq100-style liquid large-mid cap seed list; refresh/maintain periodically
CAG,starter_large_mid_cap,S&P500/Nasdaq100-style liquid large-mid cap seed list; refresh/maintain periodically
CAH,starter_large_mid_cap,S&P500/Nasdaq100-style liquid large-mid cap seed list; refresh/maintain periodically
CARR,starter_large_mid_cap,S&P500/Nasdaq100-style liquid large-mid cap seed list; refresh/maintain periodically
CASY,starter_large_mid_cap,S&P500/Nasdaq100-style liquid large-mid cap seed list; refresh/maintain periodically
CAT,starter_large_mid_cap,S&P500/Nasdaq100-style liquid large-mid cap seed list; refresh/maintain periodically
CB,starter_large_mid_cap,S&P500/Nasdaq100-style liquid large-mid cap seed list; refresh/maintain periodically
CBOE,starter_large_mid_cap,S&P500/Nasdaq100-style liquid large-mid cap seed list; refresh/maintain periodically
CBRE,starter_large_mid_cap,S&P500/Nasdaq100-style liquid large-mid cap seed list; refresh/maintain periodically
CCEP,starter_large_mid_cap,S&P500/Nasdaq100-style liquid large-mid cap seed list; refresh/maintain periodically
CCI,starter_large_mid_cap,S&P500/Nasdaq100-style liquid large-mid cap seed list; refresh/maintain periodically
CDNS,starter_large_mid_cap,S&P500/Nasdaq100-style liquid large-mid cap seed list; refresh/maintain periodically
CEG,starter_large_mid_cap,S&P500/Nasdaq100-style liquid large-mid cap seed list; refresh/maintain periodically
CF,starter_large_mid_cap,S&P500/Nasdaq100-style liquid large-mid cap seed list; refresh/maintain periodically
CHKP,starter_large_mid_cap,S&P500/Nasdaq100-style liquid large-mid cap seed list; refresh/maintain periodically
CHRW,starter_large_mid_cap,S&P500/Nasdaq100-style liquid large-mid cap seed list; refresh/maintain periodically
CHTR,starter_large_mid_cap,S&P500/Nasdaq100-style liquid large-mid cap seed list; refresh/maintain periodically
CI,starter_large_mid_cap,S&P500/Nasdaq100-style liquid large-mid cap seed list; refresh/maintain periodically
CIEN,starter_large_mid_cap,S&P500/Nasdaq100-style liquid large-mid cap seed list; refresh/maintain periodically
CINF,starter_large_mid_cap,S&P500/Nasdaq100-style liquid large-mid cap seed list; refresh/maintain periodically
CL,starter_large_mid_cap,S&P500/Nasdaq100-style liquid large-mid cap seed list; refresh/maintain periodically
CLX,starter_large_mid_cap,S&P500/Nasdaq100-style liquid large-mid cap seed list; refresh/maintain periodically
CMCSA,starter_large_mid_cap,S&P500/Nasdaq100-style liquid large-mid cap seed list; refresh/maintain periodically
CMI,starter_large_mid_cap,S&P500/Nasdaq100-style liquid large-mid cap seed list; refresh/maintain periodically
CMS,starter_large_mid_cap,S&P500/Nasdaq100-style liquid large-mid cap seed list; refresh/maintain periodically
CNC,starter_large_mid_cap,S&P500/Nasdaq100-style liquid large-mid cap seed list; refresh/maintain periodically
COF,starter_large_mid_cap,S&P500/Nasdaq100-style liquid large-mid cap seed list; refresh/maintain periodically
COHR,starter_large_mid_cap,S&P500/Nasdaq100-style liquid large-mid cap seed list; refresh/maintain periodically
COIN,starter_large_mid_cap,S&P500/Nasdaq100-style liquid large-mid cap seed list; refresh/maintain periodically
COO,starter_large_mid_cap,S&P500/Nasdaq100-style liquid large-mid cap seed list; refresh/maintain periodically
COP,starter_large_mid_cap,S&P500/Nasdaq100-style liquid large-mid cap seed list; refresh/maintain periodically
COR,starter_large_mid_cap,S&P500/Nasdaq100-style liquid large-mid cap seed list; refresh/maintain periodically
COST,starter_large_mid_cap,S&P500/Nasdaq100-style liquid large-mid cap seed list; refresh/maintain periodically
CPB,starter_large_mid_cap,S&P500/Nasdaq100-style liquid large-mid cap seed list; refresh/maintain periodically
CPRT,starter_large_mid_cap,S&P500/Nasdaq100-style liquid large-mid cap seed list; refresh/maintain periodically
CRH,starter_large_mid_cap,S&P500/Nasdaq100-style liquid large-mid cap seed list; refresh/maintain periodically
CRL,starter_large_mid_cap,S&P500/Nasdaq100-style liquid large-mid cap seed list; refresh/maintain periodically
CRM,starter_large_mid_cap,S&P500/Nasdaq100-style liquid large-mid cap seed list; refresh/maintain periodically
CRWD,starter_large_mid_cap,S&P500/Nasdaq100-style liquid large-mid cap seed list; refresh/maintain periodically
CSCO,starter_large_mid_cap,S&P500/Nasdaq100-style liquid large-mid cap seed list; refresh/maintain periodically
CSGP,starter_large_mid_cap,S&P500/Nasdaq100-style liquid large-mid cap seed list; refresh/maintain periodically
CSX,starter_large_mid_cap,S&P500/Nasdaq100-style liquid large-mid cap seed list; refresh/maintain periodically
CTAS,starter_large_mid_cap,S&P500/Nasdaq100-style liquid large-mid cap seed list; refresh/maintain periodically
CTRA,starter_large_mid_cap,S&P500/Nasdaq100-style liquid large-mid cap seed list; refresh/maintain periodically
CTVA,starter_large_mid_cap,S&P500/Nasdaq100-style liquid large-mid cap seed list; refresh/maintain periodically
CVNA,starter_large_mid_cap,S&P500/Nasdaq100-style liquid large-mid cap seed list; refresh/maintain periodically
CVX,starter_large_mid_cap,S&P500/Nasdaq100-style liquid large-mid cap seed list; refresh/maintain periodically
CZR,starter_large_mid_cap,S&P500/Nasdaq100-style liquid large-mid cap seed list; refresh/maintain periodically
D,starter_large_mid_cap,S&P500/Nasdaq100-style liquid large-mid cap seed list; refresh/maintain periodically
DASH,starter_large_mid_cap,S&P500/Nasdaq100-style liquid large-mid cap seed list; refresh/maintain periodically
DAY,starter_large_mid_cap,S&P500/Nasdaq100-style liquid large-mid cap seed list; refresh/maintain periodically
DD,starter_large_mid_cap,S&P500/Nasdaq100-style liquid large-mid cap seed list; refresh/maintain periodically
DDOG,starter_large_mid_cap,S&P500/Nasdaq100-style liquid large-mid cap seed list; refresh/maintain periodically
DE,starter_large_mid_cap,S&P500/Nasdaq100-style liquid large-mid cap seed list; refresh/maintain periodically
DFS,starter_large_mid_cap,S&P500/Nasdaq100-style liquid large-mid cap seed list; refresh/maintain periodically
DG,starter_large_mid_cap,S&P500/Nasdaq100-style liquid large-mid cap seed list; refresh/maintain periodically
DHI,starter_large_mid_cap,S&P500/Nasdaq100-style liquid large-mid cap seed list; refresh/maintain periodically
DHR,starter_large_mid_cap,S&P500/Nasdaq100-style liquid large-mid cap seed list; refresh/maintain periodically
DIS,starter_large_mid_cap,S&P500/Nasdaq100-style liquid large-mid cap seed list; refresh/maintain periodically
DLR,starter_large_mid_cap,S&P500/Nasdaq100-style liquid large-mid cap seed list; refresh/maintain periodically
DOC,starter_large_mid_cap,S&P500/Nasdaq100-style liquid large-mid cap seed list; refresh/maintain periodically
DOV,starter_large_mid_cap,S&P500/Nasdaq100-style liquid large-mid cap seed list; refresh/maintain periodically
DOW,starter_large_mid_cap,S&P500/Nasdaq100-style liquid large-mid cap seed list; refresh/maintain periodically
DPZ,starter_large_mid_cap,S&P500/Nasdaq100-style liquid large-mid cap seed list; refresh/maintain periodically
DRI,starter_large_mid_cap,S&P500/Nasdaq100-style liquid large-mid cap seed list; refresh/maintain periodically
DUK,starter_large_mid_cap,S&P500/Nasdaq100-style liquid large-mid cap seed list; refresh/maintain periodically
DVA,starter_large_mid_cap,S&P500/Nasdaq100-style liquid large-mid cap seed list; refresh/maintain periodically
DVN,starter_large_mid_cap,S&P500/Nasdaq100-style liquid large-mid cap seed list; refresh/maintain periodically
DXCM,starter_large_mid_cap,S&P500/Nasdaq100-style liquid large-mid cap seed list; refresh/maintain periodically
EA,starter_large_mid_cap,S&P500/Nasdaq100-style liquid large-mid cap seed list; refresh/maintain periodically
EBAY,starter_large_mid_cap,S&P500/Nasdaq100-style liquid large-mid cap seed list; refresh/maintain periodically
ECL,starter_large_mid_cap,S&P500/Nasdaq100-style liquid large-mid cap seed list; refresh/maintain periodically
ED,starter_large_mid_cap,S&P500/Nasdaq100-style liquid large-mid cap seed list; refresh/maintain periodically
EFX,starter_large_mid_cap,S&P500/Nasdaq100-style liquid large-mid cap seed list; refresh/maintain periodically
EG,starter_large_mid_cap,S&P500/Nasdaq100-style liquid large-mid cap seed list; refresh/maintain periodically
EIX,starter_large_mid_cap,S&P500/Nasdaq100-style liquid large-mid cap seed list; refresh/maintain periodically
ELV,starter_large_mid_cap,S&P500/Nasdaq100-style liquid large-mid cap seed list; refresh/maintain periodically
EME,starter_large_mid_cap,S&P500/Nasdaq100-style liquid large-mid cap seed list; refresh/maintain periodically
EMN,starter_large_mid_cap,S&P500/Nasdaq100-style liquid large-mid cap seed list; refresh/maintain periodically
EMR,starter_large_mid_cap,S&P500/Nasdaq100-style liquid large-mid cap seed list; refresh/maintain periodically
ENPH,starter_large_mid_cap,S&P500/Nasdaq100-style liquid large-mid cap seed list; refresh/maintain periodically
EOG,starter_large_mid_cap,S&P500/Nasdaq100-style liquid large-mid cap seed list; refresh/maintain periodically
EPAM,starter_large_mid_cap,S&P500/Nasdaq100-style liquid large-mid cap seed list; refresh/maintain periodically
EQIX,starter_large_mid_cap,S&P500/Nasdaq100-style liquid large-mid cap seed list; refresh/maintain periodically
EQR,starter_large_mid_cap,S&P500/Nasdaq100-style liquid large-mid cap seed list; refresh/maintain periodically
EQT,starter_large_mid_cap,S&P500/Nasdaq100-style liquid large-mid cap seed list; refresh/maintain periodically
ES,starter_large_mid_cap,S&P500/Nasdaq100-style liquid large-mid cap seed list; refresh/maintain periodically
ESS,starter_large_mid_cap,S&P500/Nasdaq100-style liquid large-mid cap seed list; refresh/maintain periodically
ETN,starter_large_mid_cap,S&P500/Nasdaq100-style liquid large-mid cap seed list; refresh/maintain periodically
ETSY,starter_large_mid_cap,S&P500/Nasdaq100-style liquid large-mid cap seed list; refresh/maintain periodically
EVRG,starter_large_mid_cap,S&P500/Nasdaq100-style liquid large-mid cap seed list; refresh/maintain periodically
EW,starter_large_mid_cap,S&P500/Nasdaq100-style liquid large-mid cap seed list; refresh/maintain periodically
EXC,starter_large_mid_cap,S&P500/Nasdaq100-style liquid large-mid cap seed list; refresh/maintain periodically
EXPE,starter_large_mid_cap,S&P500/Nasdaq100-style liquid large-mid cap seed list; refresh/maintain periodically
EXR,starter_large_mid_cap,S&P500/Nasdaq100-style liquid large-mid cap seed list; refresh/maintain periodically
F,starter_large_mid_cap,S&P500/Nasdaq100-style liquid large-mid cap seed list; refresh/maintain periodically
FANG,starter_large_mid_cap,S&P500/Nasdaq100-style liquid large-mid cap seed list; refresh/maintain periodically
FAST,starter_large_mid_cap,S&P500/Nasdaq100-style liquid large-mid cap seed list; refresh/maintain periodically
FCX,starter_large_mid_cap,S&P500/Nasdaq100-style liquid large-mid cap seed list; refresh/maintain periodically
FDS,starter_large_mid_cap,S&P500/Nasdaq100-style liquid large-mid cap seed list; refresh/maintain periodically
FE,starter_large_mid_cap,S&P500/Nasdaq100-style liquid large-mid cap seed list; refresh/maintain periodically
FFIV,starter_large_mid_cap,S&P500/Nasdaq100-style liquid large-mid cap seed list; refresh/maintain periodically
FI,starter_large_mid_cap,S&P500/Nasdaq100-style liquid large-mid cap seed list; refresh/maintain periodically
FIS,starter_large_mid_cap,S&P500/Nasdaq100-style liquid large-mid cap seed list; refresh/maintain periodically
FITB,starter_large_mid_cap,S&P500/Nasdaq100-style liquid large-mid cap seed list; refresh/maintain periodically
FIX,starter_large_mid_cap,S&P500/Nasdaq100-style liquid large-mid cap seed list; refresh/maintain periodically
FOX,starter_large_mid_cap,S&P500/Nasdaq100-style liquid large-mid cap seed list; refresh/maintain periodically
FOXA,starter_large_mid_cap,S&P500/Nasdaq100-style liquid large-mid cap seed list; refresh/maintain periodically
FRT,starter_large_mid_cap,S&P500/Nasdaq100-style liquid large-mid cap seed list; refresh/maintain periodically
FTNT,starter_large_mid_cap,S&P500/Nasdaq100-style liquid large-mid cap seed list; refresh/maintain periodically
FTV,starter_large_mid_cap,S&P500/Nasdaq100-style liquid large-mid cap seed list; refresh/maintain periodically
GD,starter_large_mid_cap,S&P500/Nasdaq100-style liquid large-mid cap seed list; refresh/maintain periodically
GE,starter_large_mid_cap,S&P500/Nasdaq100-style liquid large-mid cap seed list; refresh/maintain periodically
GEN,starter_large_mid_cap,S&P500/Nasdaq100-style liquid large-mid cap seed list; refresh/maintain periodically
GEV,starter_large_mid_cap,S&P500/Nasdaq100-style liquid large-mid cap seed list; refresh/maintain periodically
GILD,starter_large_mid_cap,S&P500/Nasdaq100-style liquid large-mid cap seed list; refresh/maintain periodically
GIS,starter_large_mid_cap,S&P500/Nasdaq100-style liquid large-mid cap seed list; refresh/maintain periodically
GL,starter_large_mid_cap,S&P500/Nasdaq100-style liquid large-mid cap seed list; refresh/maintain periodically
GLW,starter_large_mid_cap,S&P500/Nasdaq100-style liquid large-mid cap seed list; refresh/maintain periodically
GM,starter_large_mid_cap,S&P500/Nasdaq100-style liquid large-mid cap seed list; refresh/maintain periodically
GNRC,starter_large_mid_cap,S&P500/Nasdaq100-style liquid large-mid cap seed list; refresh/maintain periodically
GOOG,starter_large_mid_cap,S&P500/Nasdaq100-style liquid large-mid cap seed list; refresh/maintain periodically
GOOGL,starter_large_mid_cap,S&P500/Nasdaq100-style liquid large-mid cap seed list; refresh/maintain periodically
GPN,starter_large_mid_cap,S&P500/Nasdaq100-style liquid large-mid cap seed list; refresh/maintain periodically
GRMN,starter_large_mid_cap,S&P500/Nasdaq100-style liquid large-mid cap seed list; refresh/maintain periodically
GS,starter_large_mid_cap,S&P500/Nasdaq100-style liquid large-mid cap seed list; refresh/maintain periodically
GWW,starter_large_mid_cap,S&P500/Nasdaq100-style liquid large-mid cap seed list; refresh/maintain periodically
HAL,starter_large_mid_cap,S&P500/Nasdaq100-style liquid large-mid cap seed list; refresh/maintain periodically
HAS,starter_large_mid_cap,S&P500/Nasdaq100-style liquid large-mid cap seed list; refresh/maintain periodically
HBAN,starter_large_mid_cap,S&P500/Nasdaq100-style liquid large-mid cap seed list; refresh/maintain periodically
HCA,starter_large_mid_cap,S&P500/Nasdaq100-style liquid large-mid cap seed list; refresh/maintain periodically
HD,starter_large_mid_cap,S&P500/Nasdaq100-style liquid large-mid cap seed list; refresh/maintain periodically
HES,starter_large_mid_cap,S&P500/Nasdaq100-style liquid large-mid cap seed list; refresh/maintain periodically
HIG,starter_large_mid_cap,S&P500/Nasdaq100-style liquid large-mid cap seed list; refresh/maintain periodically
HII,starter_large_mid_cap,S&P500/Nasdaq100-style liquid large-mid cap seed list; refresh/maintain periodically
HLT,starter_large_mid_cap,S&P500/Nasdaq100-style liquid large-mid cap seed list; refresh/maintain periodically
HON,starter_large_mid_cap,S&P500/Nasdaq100-style liquid large-mid cap seed list; refresh/maintain periodically
HOOD,starter_large_mid_cap,S&P500/Nasdaq100-style liquid large-mid cap seed list; refresh/maintain periodically
HPE,starter_large_mid_cap,S&P500/Nasdaq100-style liquid large-mid cap seed list; refresh/maintain periodically
HPQ,starter_large_mid_cap,S&P500/Nasdaq100-style liquid large-mid cap seed list; refresh/maintain periodically
HSIC,starter_large_mid_cap,S&P500/Nasdaq100-style liquid large-mid cap seed list; refresh/maintain periodically
HST,starter_large_mid_cap,S&P500/Nasdaq100-style liquid large-mid cap seed list; refresh/maintain periodically
HSY,starter_large_mid_cap,S&P500/Nasdaq100-style liquid large-mid cap seed list; refresh/maintain periodically
HUBB,starter_large_mid_cap,S&P500/Nasdaq100-style liquid large-mid cap seed list; refresh/maintain periodically
HUM,starter_large_mid_cap,S&P500/Nasdaq100-style liquid large-mid cap seed list; refresh/maintain periodically
HWM,starter_large_mid_cap,S&P500/Nasdaq100-style liquid large-mid cap seed list; refresh/maintain periodically
IBKR,starter_large_mid_cap,S&P500/Nasdaq100-style liquid large-mid cap seed list; refresh/maintain periodically
IBM,starter_large_mid_cap,S&P500/Nasdaq100-style liquid large-mid cap seed list; refresh/maintain periodically
ICE,starter_large_mid_cap,S&P500/Nasdaq100-style liquid large-mid cap seed list; refresh/maintain periodically
IDXX,starter_large_mid_cap,S&P500/Nasdaq100-style liquid large-mid cap seed list; refresh/maintain periodically
IEX,starter_large_mid_cap,S&P500/Nasdaq100-style liquid large-mid cap seed list; refresh/maintain periodically
IFF,starter_large_mid_cap,S&P500/Nasdaq100-style liquid large-mid cap seed list; refresh/maintain periodically
INCY,starter_large_mid_cap,S&P500/Nasdaq100-style liquid large-mid cap seed list; refresh/maintain periodically
INTU,starter_large_mid_cap,S&P500/Nasdaq100-style liquid large-mid cap seed list; refresh/maintain periodically
INVH,starter_large_mid_cap,S&P500/Nasdaq100-style liquid large-mid cap seed list; refresh/maintain periodically
IP,starter_large_mid_cap,S&P500/Nasdaq100-style liquid large-mid cap seed list; refresh/maintain periodically
IQV,starter_large_mid_cap,S&P500/Nasdaq100-style liquid large-mid cap seed list; refresh/maintain periodically
IR,starter_large_mid_cap,S&P500/Nasdaq100-style liquid large-mid cap seed list; refresh/maintain periodically
IRM,starter_large_mid_cap,S&P500/Nasdaq100-style liquid large-mid cap seed list; refresh/maintain periodically
ISRG,starter_large_mid_cap,S&P500/Nasdaq100-style liquid large-mid cap seed list; refresh/maintain periodically
IT,starter_large_mid_cap,S&P500/Nasdaq100-style liquid large-mid cap seed list; refresh/maintain periodically
ITW,starter_large_mid_cap,S&P500/Nasdaq100-style liquid large-mid cap seed list; refresh/maintain periodically
IVZ,starter_large_mid_cap,S&P500/Nasdaq100-style liquid large-mid cap seed list; refresh/maintain periodically
J,starter_large_mid_cap,S&P500/Nasdaq100-style liquid large-mid cap seed list; refresh/maintain periodically
JBHT,starter_large_mid_cap,S&P500/Nasdaq100-style liquid large-mid cap seed list; refresh/maintain periodically
JCI,starter_large_mid_cap,S&P500/Nasdaq100-style liquid large-mid cap seed list; refresh/maintain periodically
JKHY,starter_large_mid_cap,S&P500/Nasdaq100-style liquid large-mid cap seed list; refresh/maintain periodically
JNJ,starter_large_mid_cap,S&P500/Nasdaq100-style liquid large-mid cap seed list; refresh/maintain periodically
JNPR,starter_large_mid_cap,S&P500/Nasdaq100-style liquid large-mid cap seed list; refresh/maintain periodically
JPM,starter_large_mid_cap,S&P500/Nasdaq100-style liquid large-mid cap seed list; refresh/maintain periodically
K,starter_large_mid_cap,S&P500/Nasdaq100-style liquid large-mid cap seed list; refresh/maintain periodically
KDP,starter_large_mid_cap,S&P500/Nasdaq100-style liquid large-mid cap seed list; refresh/maintain periodically
KEY,starter_large_mid_cap,S&P500/Nasdaq100-style liquid large-mid cap seed list; refresh/maintain periodically
KEYS,starter_large_mid_cap,S&P500/Nasdaq100-style liquid large-mid cap seed list; refresh/maintain periodically
KHC,starter_large_mid_cap,S&P500/Nasdaq100-style liquid large-mid cap seed list; refresh/maintain periodically
KIM,starter_large_mid_cap,S&P500/Nasdaq100-style liquid large-mid cap seed list; refresh/maintain periodically
KLAC,starter_large_mid_cap,S&P500/Nasdaq100-style liquid large-mid cap seed list; refresh/maintain periodically
KMB,starter_large_mid_cap,S&P500/Nasdaq100-style liquid large-mid cap seed list; refresh/maintain periodically
KMI,starter_large_mid_cap,S&P500/Nasdaq100-style liquid large-mid cap seed list; refresh/maintain periodically
KO,starter_large_mid_cap,S&P500/Nasdaq100-style liquid large-mid cap seed list; refresh/maintain periodically
KR,starter_large_mid_cap,S&P500/Nasdaq100-style liquid large-mid cap seed list; refresh/maintain periodically
KVUE,starter_large_mid_cap,S&P500/Nasdaq100-style liquid large-mid cap seed list; refresh/maintain periodically
LDOS,starter_large_mid_cap,S&P500/Nasdaq100-style liquid large-mid cap seed list; refresh/maintain periodically
LEN,starter_large_mid_cap,S&P500/Nasdaq100-style liquid large-mid cap seed list; refresh/maintain periodically
LH,starter_large_mid_cap,S&P500/Nasdaq100-style liquid large-mid cap seed list; refresh/maintain periodically
LII,starter_large_mid_cap,S&P500/Nasdaq100-style liquid large-mid cap seed list; refresh/maintain periodically
LITE,starter_large_mid_cap,S&P500/Nasdaq100-style liquid large-mid cap seed list; refresh/maintain periodically
LKQ,starter_large_mid_cap,S&P500/Nasdaq100-style liquid large-mid cap seed list; refresh/maintain periodically
LLY,starter_large_mid_cap,S&P500/Nasdaq100-style liquid large-mid cap seed list; refresh/maintain periodically
LNT,starter_large_mid_cap,S&P500/Nasdaq100-style liquid large-mid cap seed list; refresh/maintain periodically
LOW,starter_large_mid_cap,S&P500/Nasdaq100-style liquid large-mid cap seed list; refresh/maintain periodically
LRCX,starter_large_mid_cap,S&P500/Nasdaq100-style liquid large-mid cap seed list; refresh/maintain periodically
LULU,starter_large_mid_cap,S&P500/Nasdaq100-style liquid large-mid cap seed list; refresh/maintain periodically
LUV,starter_large_mid_cap,S&P500/Nasdaq100-style liquid large-mid cap seed list; refresh/maintain periodically
LW,starter_large_mid_cap,S&P500/Nasdaq100-style liquid large-mid cap seed list; refresh/maintain periodically
LYB,starter_large_mid_cap,S&P500/Nasdaq100-style liquid large-mid cap seed list; refresh/maintain periodically
LYV,starter_large_mid_cap,S&P500/Nasdaq100-style liquid large-mid cap seed list; refresh/maintain periodically
MA,starter_large_mid_cap,S&P500/Nasdaq100-style liquid large-mid cap seed list; refresh/maintain periodically
MAA,starter_large_mid_cap,S&P500/Nasdaq100-style liquid large-mid cap seed list; refresh/maintain periodically
MAR,starter_large_mid_cap,S&P500/Nasdaq100-style liquid large-mid cap seed list; refresh/maintain periodically
MAS,starter_large_mid_cap,S&P500/Nasdaq100-style liquid large-mid cap seed list; refresh/maintain periodically
MCD,starter_large_mid_cap,S&P500/Nasdaq100-style liquid large-mid cap seed list; refresh/maintain periodically
MCK,starter_large_mid_cap,S&P500/Nasdaq100-style liquid large-mid cap seed list; refresh/maintain periodically
MDB,starter_large_mid_cap,S&P500/Nasdaq100-style liquid large-mid cap seed list; refresh/maintain periodically
MDLZ,starter_large_mid_cap,S&P500/Nasdaq100-style liquid large-mid cap seed list; refresh/maintain periodically
MDT,starter_large_mid_cap,S&P500/Nasdaq100-style liquid large-mid cap seed list; refresh/maintain periodically
MELI,starter_large_mid_cap,S&P500/Nasdaq100-style liquid large-mid cap seed list; refresh/maintain periodically
MET,starter_large_mid_cap,S&P500/Nasdaq100-style liquid large-mid cap seed list; refresh/maintain periodically
META,starter_large_mid_cap,S&P500/Nasdaq100-style liquid large-mid cap seed list; refresh/maintain periodically
MGM,starter_large_mid_cap,S&P500/Nasdaq100-style liquid large-mid cap seed list; refresh/maintain periodically
MHK,starter_large_mid_cap,S&P500/Nasdaq100-style liquid large-mid cap seed list; refresh/maintain periodically
MKC,starter_large_mid_cap,S&P500/Nasdaq100-style liquid large-mid cap seed list; refresh/maintain periodically
MKTX,starter_large_mid_cap,S&P500/Nasdaq100-style liquid large-mid cap seed list; refresh/maintain periodically
MLM,starter_large_mid_cap,S&P500/Nasdaq100-style liquid large-mid cap seed list; refresh/maintain periodically
MMC,starter_large_mid_cap,S&P500/Nasdaq100-style liquid large-mid cap seed list; refresh/maintain periodically
MMM,starter_large_mid_cap,S&P500/Nasdaq100-style liquid large-mid cap seed list; refresh/maintain periodically
MNST,starter_large_mid_cap,S&P500/Nasdaq100-style liquid large-mid cap seed list; refresh/maintain periodically
MO,starter_large_mid_cap,S&P500/Nasdaq100-style liquid large-mid cap seed list; refresh/maintain periodically
MOH,starter_large_mid_cap,S&P500/Nasdaq100-style liquid large-mid cap seed list; refresh/maintain periodically
MOS,starter_large_mid_cap,S&P500/Nasdaq100-style liquid large-mid cap seed list; refresh/maintain periodically
MPWR,starter_large_mid_cap,S&P500/Nasdaq100-style liquid large-mid cap seed list; refresh/maintain periodically
MRK,starter_large_mid_cap,S&P500/Nasdaq100-style liquid large-mid cap seed list; refresh/maintain periodically
MRNA,starter_large_mid_cap,S&P500/Nasdaq100-style liquid large-mid cap seed list; refresh/maintain periodically
MRVL,starter_large_mid_cap,S&P500/Nasdaq100-style liquid large-mid cap seed list; refresh/maintain periodically
MS,starter_large_mid_cap,S&P500/Nasdaq100-style liquid large-mid cap seed list; refresh/maintain periodically
MSCI,starter_large_mid_cap,S&P500/Nasdaq100-style liquid large-mid cap seed list; refresh/maintain periodically
MSFT,starter_large_mid_cap,S&P500/Nasdaq100-style liquid large-mid cap seed list; refresh/maintain periodically
MSI,starter_large_mid_cap,S&P500/Nasdaq100-style liquid large-mid cap seed list; refresh/maintain periodically
MTB,starter_large_mid_cap,S&P500/Nasdaq100-style liquid large-mid cap seed list; refresh/maintain periodically
MTCH,starter_large_mid_cap,S&P500/Nasdaq100-style liquid large-mid cap seed list; refresh/maintain periodically
MU,starter_large_mid_cap,S&P500/Nasdaq100-style liquid large-mid cap seed list; refresh/maintain periodically
NCLH,starter_large_mid_cap,S&P500/Nasdaq100-style liquid large-mid cap seed list; refresh/maintain periodically
NDAQ,starter_large_mid_cap,S&P500/Nasdaq100-style liquid large-mid cap seed list; refresh/maintain periodically
NDSN,starter_large_mid_cap,S&P500/Nasdaq100-style liquid large-mid cap seed list; refresh/maintain periodically
NEE,starter_large_mid_cap,S&P500/Nasdaq100-style liquid large-mid cap seed list; refresh/maintain periodically
NEM,starter_large_mid_cap,S&P500/Nasdaq100-style liquid large-mid cap seed list; refresh/maintain periodically
NFLX,starter_large_mid_cap,S&P500/Nasdaq100-style liquid large-mid cap seed list; refresh/maintain periodically
NI,starter_large_mid_cap,S&P500/Nasdaq100-style liquid large-mid cap seed list; refresh/maintain periodically
NKE,starter_large_mid_cap,S&P500/Nasdaq100-style liquid large-mid cap seed list; refresh/maintain periodically
NOC,starter_large_mid_cap,S&P500/Nasdaq100-style liquid large-mid cap seed list; refresh/maintain periodically
NOW,starter_large_mid_cap,S&P500/Nasdaq100-style liquid large-mid cap seed list; refresh/maintain periodically
NSC,starter_large_mid_cap,S&P500/Nasdaq100-style liquid large-mid cap seed list; refresh/maintain periodically
NTAP,starter_large_mid_cap,S&P500/Nasdaq100-style liquid large-mid cap seed list; refresh/maintain periodically
NTRS,starter_large_mid_cap,S&P500/Nasdaq100-style liquid large-mid cap seed list; refresh/maintain periodically
NVDA,starter_large_mid_cap,S&P500/Nasdaq100-style liquid large-mid cap seed list; refresh/maintain periodically
NVR,starter_large_mid_cap,S&P500/Nasdaq100-style liquid large-mid cap seed list; refresh/maintain periodically
NWS,starter_large_mid_cap,S&P500/Nasdaq100-style liquid large-mid cap seed list; refresh/maintain periodically
NWSA,starter_large_mid_cap,S&P500/Nasdaq100-style liquid large-mid cap seed list; refresh/maintain periodically
NXPI,starter_large_mid_cap,S&P500/Nasdaq100-style liquid large-mid cap seed list; refresh/maintain periodically
O,starter_large_mid_cap,S&P500/Nasdaq100-style liquid large-mid cap seed list; refresh/maintain periodically
ODFL,starter_large_mid_cap,S&P500/Nasdaq100-style liquid large-mid cap seed list; refresh/maintain periodically
OKE,starter_large_mid_cap,S&P500/Nasdaq100-style liquid large-mid cap seed list; refresh/maintain periodically
OMC,starter_large_mid_cap,S&P500/Nasdaq100-style liquid large-mid cap seed list; refresh/maintain periodically
ON,starter_large_mid_cap,S&P500/Nasdaq100-style liquid large-mid cap seed list; refresh/maintain periodically
ORCL,starter_large_mid_cap,S&P500/Nasdaq100-style liquid large-mid cap seed list; refresh/maintain periodically
ORLY,starter_large_mid_cap,S&P500/Nasdaq100-style liquid large-mid cap seed list; refresh/maintain periodically
OTIS,starter_large_mid_cap,S&P500/Nasdaq100-style liquid large-mid cap seed list; refresh/maintain periodically
OXY,starter_large_mid_cap,S&P500/Nasdaq100-style liquid large-mid cap seed list; refresh/maintain periodically
PANW,starter_large_mid_cap,S&P500/Nasdaq100-style liquid large-mid cap seed list; refresh/maintain periodically
PARA,starter_large_mid_cap,S&P500/Nasdaq100-style liquid large-mid cap seed list; refresh/maintain periodically
PAYC,starter_large_mid_cap,S&P500/Nasdaq100-style liquid large-mid cap seed list; refresh/maintain periodically
PAYX,starter_large_mid_cap,S&P500/Nasdaq100-style liquid large-mid cap seed list; refresh/maintain periodically
PCAR,starter_large_mid_cap,S&P500/Nasdaq100-style liquid large-mid cap seed list; refresh/maintain periodically
PCG,starter_large_mid_cap,S&P500/Nasdaq100-style liquid large-mid cap seed list; refresh/maintain periodically
PDD,starter_large_mid_cap,S&P500/Nasdaq100-style liquid large-mid cap seed list; refresh/maintain periodically
PEG,starter_large_mid_cap,S&P500/Nasdaq100-style liquid large-mid cap seed list; refresh/maintain periodically
PEP,starter_large_mid_cap,S&P500/Nasdaq100-style liquid large-mid cap seed list; refresh/maintain periodically
PFE,starter_large_mid_cap,S&P500/Nasdaq100-style liquid large-mid cap seed list; refresh/maintain periodically
PG,starter_large_mid_cap,S&P500/Nasdaq100-style liquid large-mid cap seed list; refresh/maintain periodically
PGR,starter_large_mid_cap,S&P500/Nasdaq100-style liquid large-mid cap seed list; refresh/maintain periodically
PH,starter_large_mid_cap,S&P500/Nasdaq100-style liquid large-mid cap seed list; refresh/maintain periodically
PHM,starter_large_mid_cap,S&P500/Nasdaq100-style liquid large-mid cap seed list; refresh/maintain periodically
PKG,starter_large_mid_cap,S&P500/Nasdaq100-style liquid large-mid cap seed list; refresh/maintain periodically
PLD,starter_large_mid_cap,S&P500/Nasdaq100-style liquid large-mid cap seed list; refresh/maintain periodically
PLTR,starter_large_mid_cap,S&P500/Nasdaq100-style liquid large-mid cap seed list; refresh/maintain periodically
PM,starter_large_mid_cap,S&P500/Nasdaq100-style liquid large-mid cap seed list; refresh/maintain periodically
PNC,starter_large_mid_cap,S&P500/Nasdaq100-style liquid large-mid cap seed list; refresh/maintain periodically
PNR,starter_large_mid_cap,S&P500/Nasdaq100-style liquid large-mid cap seed list; refresh/maintain periodically
PNW,starter_large_mid_cap,S&P500/Nasdaq100-style liquid large-mid cap seed list; refresh/maintain periodically
PODD,starter_large_mid_cap,S&P500/Nasdaq100-style liquid large-mid cap seed list; refresh/maintain periodically
POOL,starter_large_mid_cap,S&P500/Nasdaq100-style liquid large-mid cap seed list; refresh/maintain periodically
PPG,starter_large_mid_cap,S&P500/Nasdaq100-style liquid large-mid cap seed list; refresh/maintain periodically
PPL,starter_large_mid_cap,S&P500/Nasdaq100-style liquid large-mid cap seed list; refresh/maintain periodically
PRU,starter_large_mid_cap,S&P500/Nasdaq100-style liquid large-mid cap seed list; refresh/maintain periodically
PSA,starter_large_mid_cap,S&P500/Nasdaq100-style liquid large-mid cap seed list; refresh/maintain periodically
PSX,starter_large_mid_cap,S&P500/Nasdaq100-style liquid large-mid cap seed list; refresh/maintain periodically
PTC,starter_large_mid_cap,S&P500/Nasdaq100-style liquid large-mid cap seed list; refresh/maintain periodically
PYPL,starter_large_mid_cap,S&P500/Nasdaq100-style liquid large-mid cap seed list; refresh/maintain periodically
Q,starter_large_mid_cap,S&P500/Nasdaq100-style liquid large-mid cap seed list; refresh/maintain periodically
QCOM,starter_large_mid_cap,S&P500/Nasdaq100-style liquid large-mid cap seed list; refresh/maintain periodically
QRVO,starter_large_mid_cap,S&P500/Nasdaq100-style liquid large-mid cap seed list; refresh/maintain periodically
RCL,starter_large_mid_cap,S&P500/Nasdaq100-style liquid large-mid cap seed list; refresh/maintain periodically
REG,starter_large_mid_cap,S&P500/Nasdaq100-style liquid large-mid cap seed list; refresh/maintain periodically
REGN,starter_large_mid_cap,S&P500/Nasdaq100-style liquid large-mid cap seed list; refresh/maintain periodically
RF,starter_large_mid_cap,S&P500/Nasdaq100-style liquid large-mid cap seed list; refresh/maintain periodically
RL,starter_large_mid_cap,S&P500/Nasdaq100-style liquid large-mid cap seed list; refresh/maintain periodically
RMD,starter_large_mid_cap,S&P500/Nasdaq100-style liquid large-mid cap seed list; refresh/maintain periodically
ROK,starter_large_mid_cap,S&P500/Nasdaq100-style liquid large-mid cap seed list; refresh/maintain periodically
ROL,starter_large_mid_cap,S&P500/Nasdaq100-style liquid large-mid cap seed list; refresh/maintain periodically
ROP,starter_large_mid_cap,S&P500/Nasdaq100-style liquid large-mid cap seed list; refresh/maintain periodically
ROST,starter_large_mid_cap,S&P500/Nasdaq100-style liquid large-mid cap seed list; refresh/maintain periodically
RSG,starter_large_mid_cap,S&P500/Nasdaq100-style liquid large-mid cap seed list; refresh/maintain periodically
RTX,starter_large_mid_cap,S&P500/Nasdaq100-style liquid large-mid cap seed list; refresh/maintain periodically
RVTY,starter_large_mid_cap,S&P500/Nasdaq100-style liquid large-mid cap seed list; refresh/maintain periodically
SATS,starter_large_mid_cap,S&P500/Nasdaq100-style liquid large-mid cap seed list; refresh/maintain periodically
SBAC,starter_large_mid_cap,S&P500/Nasdaq100-style liquid large-mid cap seed list; refresh/maintain periodically
SBUX,starter_large_mid_cap,S&P500/Nasdaq100-style liquid large-mid cap seed list; refresh/maintain periodically
SCHW,starter_large_mid_cap,S&P500/Nasdaq100-style liquid large-mid cap seed list; refresh/maintain periodically
SHW,starter_large_mid_cap,S&P500/Nasdaq100-style liquid large-mid cap seed list; refresh/maintain periodically
SNA,starter_large_mid_cap,S&P500/Nasdaq100-style liquid large-mid cap seed list; refresh/maintain periodically
SNDK,starter_large_mid_cap,S&P500/Nasdaq100-style liquid large-mid cap seed list; refresh/maintain periodically
SNPS,starter_large_mid_cap,S&P500/Nasdaq100-style liquid large-mid cap seed list; refresh/maintain periodically
SO,starter_large_mid_cap,S&P500/Nasdaq100-style liquid large-mid cap seed list; refresh/maintain periodically
SOLS,starter_large_mid_cap,S&P500/Nasdaq100-style liquid large-mid cap seed list; refresh/maintain periodically
SOLV,starter_large_mid_cap,S&P500/Nasdaq100-style liquid large-mid cap seed list; refresh/maintain periodically
SPG,starter_large_mid_cap,S&P500/Nasdaq100-style liquid large-mid cap seed list; refresh/maintain periodically
SPGI,starter_large_mid_cap,S&P500/Nasdaq100-style liquid large-mid cap seed list; refresh/maintain periodically
SRE,starter_large_mid_cap,S&P500/Nasdaq100-style liquid large-mid cap seed list; refresh/maintain periodically
STE,starter_large_mid_cap,S&P500/Nasdaq100-style liquid large-mid cap seed list; refresh/maintain periodically
STT,starter_large_mid_cap,S&P500/Nasdaq100-style liquid large-mid cap seed list; refresh/maintain periodically
STZ,starter_large_mid_cap,S&P500/Nasdaq100-style liquid large-mid cap seed list; refresh/maintain periodically
SWK,starter_large_mid_cap,S&P500/Nasdaq100-style liquid large-mid cap seed list; refresh/maintain periodically
SWKS,starter_large_mid_cap,S&P500/Nasdaq100-style liquid large-mid cap seed list; refresh/maintain periodically
SYF,starter_large_mid_cap,S&P500/Nasdaq100-style liquid large-mid cap seed list; refresh/maintain periodically
SYK,starter_large_mid_cap,S&P500/Nasdaq100-style liquid large-mid cap seed list; refresh/maintain periodically
T,starter_large_mid_cap,S&P500/Nasdaq100-style liquid large-mid cap seed list; refresh/maintain periodically
TAP,starter_large_mid_cap,S&P500/Nasdaq100-style liquid large-mid cap seed list; refresh/maintain periodically
TDG,starter_large_mid_cap,S&P500/Nasdaq100-style liquid large-mid cap seed list; refresh/maintain periodically
TDY,starter_large_mid_cap,S&P500/Nasdaq100-style liquid large-mid cap seed list; refresh/maintain periodically
TEAM,starter_large_mid_cap,S&P500/Nasdaq100-style liquid large-mid cap seed list; refresh/maintain periodically
TECH,starter_large_mid_cap,S&P500/Nasdaq100-style liquid large-mid cap seed list; refresh/maintain periodically
TEL,starter_large_mid_cap,S&P500/Nasdaq100-style liquid large-mid cap seed list; refresh/maintain periodically
TER,starter_large_mid_cap,S&P500/Nasdaq100-style liquid large-mid cap seed list; refresh/maintain periodically
TFX,starter_large_mid_cap,S&P500/Nasdaq100-style liquid large-mid cap seed list; refresh/maintain periodically
TGT,starter_large_mid_cap,S&P500/Nasdaq100-style liquid large-mid cap seed list; refresh/maintain periodically
TJX,starter_large_mid_cap,S&P500/Nasdaq100-style liquid large-mid cap seed list; refresh/maintain periodically
TKO,starter_large_mid_cap,S&P500/Nasdaq100-style liquid large-mid cap seed list; refresh/maintain periodically
TPR,starter_large_mid_cap,S&P500/Nasdaq100-style liquid large-mid cap seed list; refresh/maintain periodically
TRGP,starter_large_mid_cap,S&P500/Nasdaq100-style liquid large-mid cap seed list; refresh/maintain periodically
TRMB,starter_large_mid_cap,S&P500/Nasdaq100-style liquid large-mid cap seed list; refresh/maintain periodically
TROW,starter_large_mid_cap,S&P500/Nasdaq100-style liquid large-mid cap seed list; refresh/maintain periodically
TRV,starter_large_mid_cap,S&P500/Nasdaq100-style liquid large-mid cap seed list; refresh/maintain periodically
TSCO,starter_large_mid_cap,S&P500/Nasdaq100-style liquid large-mid cap seed list; refresh/maintain periodically
TSN,starter_large_mid_cap,S&P500/Nasdaq100-style liquid large-mid cap seed list; refresh/maintain periodically
TTD,starter_large_mid_cap,S&P500/Nasdaq100-style liquid large-mid cap seed list; refresh/maintain periodically
TXN,starter_large_mid_cap,S&P500/Nasdaq100-style liquid large-mid cap seed list; refresh/maintain periodically
TXT,starter_large_mid_cap,S&P500/Nasdaq100-style liquid large-mid cap seed list; refresh/maintain periodically
TYL,starter_large_mid_cap,S&P500/Nasdaq100-style liquid large-mid cap seed list; refresh/maintain periodically
UAL,starter_large_mid_cap,S&P500/Nasdaq100-style liquid large-mid cap seed list; refresh/maintain periodically
UBER,starter_large_mid_cap,S&P500/Nasdaq100-style liquid large-mid cap seed list; refresh/maintain periodically
UDR,starter_large_mid_cap,S&P500/Nasdaq100-style liquid large-mid cap seed list; refresh/maintain periodically
UHS,starter_large_mid_cap,S&P500/Nasdaq100-style liquid large-mid cap seed list; refresh/maintain periodically
UNH,starter_large_mid_cap,S&P500/Nasdaq100-style liquid large-mid cap seed list; refresh/maintain periodically
UNP,starter_large_mid_cap,S&P500/Nasdaq100-style liquid large-mid cap seed list; refresh/maintain periodically
UPS,starter_large_mid_cap,S&P500/Nasdaq100-style liquid large-mid cap seed list; refresh/maintain periodically
URI,starter_large_mid_cap,S&P500/Nasdaq100-style liquid large-mid cap seed list; refresh/maintain periodically
USB,starter_large_mid_cap,S&P500/Nasdaq100-style liquid large-mid cap seed list; refresh/maintain periodically
V,starter_large_mid_cap,S&P500/Nasdaq100-style liquid large-mid cap seed list; refresh/maintain periodically
VICI,starter_large_mid_cap,S&P500/Nasdaq100-style liquid large-mid cap seed list; refresh/maintain periodically
VLO,starter_large_mid_cap,S&P500/Nasdaq100-style liquid large-mid cap seed list; refresh/maintain periodically
VLTO,starter_large_mid_cap,S&P500/Nasdaq100-style liquid large-mid cap seed list; refresh/maintain periodically
VMC,starter_large_mid_cap,S&P500/Nasdaq100-style liquid large-mid cap seed list; refresh/maintain periodically
VRSK,starter_large_mid_cap,S&P500/Nasdaq100-style liquid large-mid cap seed list; refresh/maintain periodically
VRT,starter_large_mid_cap,S&P500/Nasdaq100-style liquid large-mid cap seed list; refresh/maintain periodically
VRTX,starter_large_mid_cap,S&P500/Nasdaq100-style liquid large-mid cap seed list; refresh/maintain periodically
VST,starter_large_mid_cap,S&P500/Nasdaq100-style liquid large-mid cap seed list; refresh/maintain periodically
VTRS,starter_large_mid_cap,S&P500/Nasdaq100-style liquid large-mid cap seed list; refresh/maintain periodically
VZ,starter_large_mid_cap,S&P500/Nasdaq100-style liquid large-mid cap seed list; refresh/maintain periodically
WAB,starter_large_mid_cap,S&P500/Nasdaq100-style liquid large-mid cap seed list; refresh/maintain periodically
WAT,starter_large_mid_cap,S&P500/Nasdaq100-style liquid large-mid cap seed list; refresh/maintain periodically
WDAY,starter_large_mid_cap,S&P500/Nasdaq100-style liquid large-mid cap seed list; refresh/maintain periodically
WDC,starter_large_mid_cap,S&P500/Nasdaq100-style liquid large-mid cap seed list; refresh/maintain periodically
WEC,starter_large_mid_cap,S&P500/Nasdaq100-style liquid large-mid cap seed list; refresh/maintain periodically
WELL,starter_large_mid_cap,S&P500/Nasdaq100-style liquid large-mid cap seed list; refresh/maintain periodically
WFC,starter_large_mid_cap,S&P500/Nasdaq100-style liquid large-mid cap seed list; refresh/maintain periodically
WM,starter_large_mid_cap,S&P500/Nasdaq100-style liquid large-mid cap seed list; refresh/maintain periodically
WMB,starter_large_mid_cap,S&P500/Nasdaq100-style liquid large-mid cap seed list; refresh/maintain periodically
WMT,starter_large_mid_cap,S&P500/Nasdaq100-style liquid large-mid cap seed list; refresh/maintain periodically
WRB,starter_large_mid_cap,S&P500/Nasdaq100-style liquid large-mid cap seed list; refresh/maintain periodically
WST,starter_large_mid_cap,S&P500/Nasdaq100-style liquid large-mid cap seed list; refresh/maintain periodically
WTW,starter_large_mid_cap,S&P500/Nasdaq100-style liquid large-mid cap seed list; refresh/maintain periodically
WY,starter_large_mid_cap,S&P500/Nasdaq100-style liquid large-mid cap seed list; refresh/maintain periodically
WYNN,starter_large_mid_cap,S&P500/Nasdaq100-style liquid large-mid cap seed list; refresh/maintain periodically
XEL,starter_large_mid_cap,S&P500/Nasdaq100-style liquid large-mid cap seed list; refresh/maintain periodically
XOM,starter_large_mid_cap,S&P500/Nasdaq100-style liquid large-mid cap seed list; refresh/maintain periodically
XYL,starter_large_mid_cap,S&P500/Nasdaq100-style liquid large-mid cap seed list; refresh/maintain periodically
XYZ,starter_large_mid_cap,S&P500/Nasdaq100-style liquid large-mid cap seed list; refresh/maintain periodically
YUM,starter_large_mid_cap,S&P500/Nasdaq100-style liquid large-mid cap seed list; refresh/maintain periodically
ZBH,starter_large_mid_cap,S&P500/Nasdaq100-style liquid large-mid cap seed list; refresh/maintain periodically
ZBRA,starter_large_mid_cap,S&P500/Nasdaq100-style liquid large-mid cap seed list; refresh/maintain periodically
ZS,starter_large_mid_cap,S&P500/Nasdaq100-style liquid large-mid cap seed list; refresh/maintain periodically
ZTS,starter_large_mid_cap,S&P500/Nasdaq100-style liquid large-mid cap seed list; refresh/maintain periodically
